Histone type	binding sites

H1	H1_19
H1	H1_20
H1	H1_21
H1	H1_22
H1	H1_23
H1	H1_24
H1	H1_25
H1	H1_26
H1	H1_27
H1	H1_28
H1	H1_29
H1	H1_58
H1	H1_59
H1	H1_60
H2A	H2A_1
H2A	H2A_10
H2A	H2A_100
H2A	H2A_101
H2A	H2A_102
H2A	H2A_104
H2A	H2A_105
H2A	H2A_106
H2A	H2A_107
H2A	H2A_109
H2A	H2A_11
H2A	H2A_110
H2A	H2A_111
H2A	H2A_113
H2A	H2A_114
H2A	H2A_121
H2A	H2A_138
H2A	H2A_139
H2A	H2A_140
H2A	H2A_141
H2A	H2A_142
H2A	H2A_143
H2A	H2A_16
H2A	H2A_169
H2A	H2A_170
H2A	H2A_171
H2A	H2A_172
H2A	H2A_173
H2A	H2A_174
H2A	H2A_175
H2A	H2A_176
H2A	H2A_177
H2A	H2A_178
H2A	H2A_179
H2A	H2A_18
H2A	H2A_180
H2A	H2A_181
H2A	H2A_182
H2A	H2A_2
H2A	H2A_20
H2A	H2A_21
H2A	H2A_23
H2A	H2A_24
H2A	H2A_29
H2A	H2A_3
H2A	H2A_30
H2A	H2A_31
H2A	H2A_32
H2A	H2A_34
H2A	H2A_35
H2A	H2A_36
H2A	H2A_38
H2A	H2A_4
H2A	H2A_44
H2A	H2A_45
H2A	H2A_46
H2A	H2A_47
H2A	H2A_48
H2A	H2A_49
H2A	H2A_5
H2A	H2A_50
H2A	H2A_51
H2A	H2A_52
H2A	H2A_53
H2A	H2A_54
H2A	H2A_57
H2A	H2A_58
H2A	H2A_6
H2A	H2A_61
H2A	H2A_62
H2A	H2A_65
H2A	H2A_66
H2A	H2A_69
H2A	H2A_7
H2A	H2A_72
H2A	H2A_75
H2A	H2A_78
H2A	H2A_79
H2A	H2A_8
H2A	H2A_80
H2A	H2A_81
H2A	H2A_82
H2A	H2A_83
H2A	H2A_84
H2A	H2A_85
H2A	H2A_86
H2A	H2A_87
H2A	H2A_88
H2A	H2A_89
H2A	H2A_9
H2A	H2A_90
H2A	H2A_91
H2A	H2A_92
H2A	H2A_93
H2A	H2A_94
H2A	H2A_95
H2A	H2A_96
H2A	H2A_97
H2A	H2A_98
H2B	H2B_1
H2B	H2B_10
H2B	H2B_100
H2B	H2B_106
H2B	H2B_107
H2B	H2B_109
H2B	H2B_11
H2B	H2B_110
H2B	H2B_113
H2B	H2B_114
H2B	H2B_116
H2B	H2B_117
H2B	H2B_118
H2B	H2B_119
H2B	H2B_12
H2B	H2B_120
H2B	H2B_121
H2B	H2B_122
H2B	H2B_123
H2B	H2B_124
H2B	H2B_125
H2B	H2B_126
H2B	H2B_13
H2B	H2B_2
H2B	H2B_3
H2B	H2B_35
H2B	H2B_39
H2B	H2B_4
H2B	H2B_40
H2B	H2B_41
H2B	H2B_43
H2B	H2B_48
H2B	H2B_49
H2B	H2B_5
H2B	H2B_50
H2B	H2B_51
H2B	H2B_52
H2B	H2B_54
H2B	H2B_55
H2B	H2B_56
H2B	H2B_57
H2B	H2B_58
H2B	H2B_59
H2B	H2B_6
H2B	H2B_60
H2B	H2B_61
H2B	H2B_62
H2B	H2B_65
H2B	H2B_66
H2B	H2B_69
H2B	H2B_7
H2B	H2B_8
H2B	H2B_89
H2B	H2B_9
H2B	H2B_91
H2B	H2B_92
H2B	H2B_93
H2B	H2B_96
H3	H3_1
H3	H3_10
H3	H3_100
H3	H3_101
H3	H3_102
H3	H3_103
H3	H3_104
H3	H3_106
H3	H3_107
H3	H3_108
H3	H3_109
H3	H3_11
H3	H3_110
H3	H3_111
H3	H3_112
H3	H3_113
H3	H3_114
H3	H3_115
H3	H3_116
H3	H3_117
H3	H3_118
H3	H3_119
H3	H3_12
H3	H3_120
H3	H3_121
H3	H3_122
H3	H3_123
H3	H3_124
H3	H3_125
H3	H3_126
H3	H3_127
H3	H3_128
H3	H3_129
H3	H3_13
H3	H3_130
H3	H3_131
H3	H3_132
H3	H3_133
H3	H3_134
H3	H3_135
H3	H3_136
H3	H3_137
H3	H3_138
H3	H3_139
H3	H3_14
H3	H3_15
H3	H3_16
H3	H3_17
H3	H3_18
H3	H3_19
H3	H3_2
H3	H3_20
H3	H3_21
H3	H3_22
H3	H3_23
H3	H3_24
H3	H3_25
H3	H3_26
H3	H3_27
H3	H3_28
H3	H3_29
H3	H3_3
H3	H3_30
H3	H3_31
H3	H3_32
H3	H3_33
H3	H3_34
H3	H3_35
H3	H3_36
H3	H3_37
H3	H3_38
H3	H3_39
H3	H3_4
H3	H3_40
H3	H3_41
H3	H3_42
H3	H3_43
H3	H3_44
H3	H3_45
H3	H3_46
H3	H3_47
H3	H3_48
H3	H3_49
H3	H3_5
H3	H3_50
H3	H3_51
H3	H3_52
H3	H3_53
H3	H3_54
H3	H3_55
H3	H3_56
H3	H3_57
H3	H3_58
H3	H3_59
H3	H3_6
H3	H3_60
H3	H3_61
H3	H3_62
H3	H3_64
H3	H3_65
H3	H3_66
H3	H3_67
H3	H3_68
H3	H3_69
H3	H3_7
H3	H3_70
H3	H3_71
H3	H3_72
H3	H3_73
H3	H3_76
H3	H3_77
H3	H3_78
H3	H3_79
H3	H3_8
H3	H3_80
H3	H3_81
H3	H3_82
H3	H3_83
H3	H3_84
H3	H3_85
H3	H3_86
H3	H3_87
H3	H3_88
H3	H3_89
H3	H3_9
H3	H3_90
H3	H3_91
H3	H3_92
H3	H3_93
H3	H3_94
H3	H3_95
H3	H3_96
H3	H3_97
H3	H3_99
H4	H4_1
H4	H4_10
H4	H4_100
H4	H4_101
H4	H4_102
H4	H4_103
H4	H4_11
H4	H4_12
H4	H4_13
H4	H4_14
H4	H4_15
H4	H4_16
H4	H4_17
H4	H4_18
H4	H4_19
H4	H4_2
H4	H4_20
H4	H4_21
H4	H4_22
H4	H4_23
H4	H4_24
H4	H4_25
H4	H4_27
H4	H4_28
H4	H4_29
H4	H4_3
H4	H4_30
H4	H4_31
H4	H4_32
H4	H4_33
H4	H4_35
H4	H4_36
H4	H4_37
H4	H4_38
H4	H4_39
H4	H4_4
H4	H4_40
H4	H4_41
H4	H4_42
H4	H4_43
H4	H4_44
H4	H4_45
H4	H4_46
H4	H4_47
H4	H4_48
H4	H4_49
H4	H4_5
H4	H4_50
H4	H4_52
H4	H4_53
H4	H4_54
H4	H4_57
H4	H4_58
H4	H4_6
H4	H4_60
H4	H4_61
H4	H4_62
H4	H4_64
H4	H4_65
H4	H4_68
H4	H4_69
H4	H4_7
H4	H4_71
H4	H4_72
H4	H4_73
H4	H4_74
H4	H4_75
H4	H4_76
H4	H4_77
H4	H4_78
H4	H4_79
H4	H4_8
H4	H4_80
H4	H4_81
H4	H4_83
H4	H4_84
H4	H4_85
H4	H4_86
H4	H4_88
H4	H4_89
H4	H4_9
H4	H4_90
H4	H4_91
H4	H4_92
H4	H4_93
H4	H4_94
H4	H4_95
H4	H4_96
H4	H4_97
H4	H4_98
H4	H4_99
